index,name,deType,deFunctionType,pixelAddition,defaultBailout,analyticFunction,coloringFunction
aboxMod1,"Abox - Mod 1",analyticDEType,linearDEFunction,cpixelEnabledByDefault,100,analyticFunctionLinear,coloringFunctionIFS
aboxMod2,"Abox - Mod 2",analyticDEType,linearDEFunction,cpixelEnabledByDefault,100,analyticFunctionLinear,coloringFunctionABox
aboxMod11,"Abox - Mod 11",analyticDEType,linearDEFunction,cpixelEnabledByDefault,100,analyticFunctionLinear,coloringFunctionABox
aboxMod12,"Abox - Mod 12",analyticDEType,linearDEFunction,cpixelEnabledByDefault,100,analyticFunctionLinear,coloringFunctionABox
aboxMod13,"Abox - Mod 13",analyticDEType,linearDEFunction,cpixelEnabledByDefault,100,analyticFunctionLinear,coloringFunctionABox
aboxModKali,"Abox - Mod Kali",analyticDEType,linearDEFunction,cpixelEnabledByDefault,100,analyticFunctionLinear,coloringFunctionIFS
aboxModKaliEiffie,"Abox - Mod Kali-Eiffie",analyticDEType,linearDEFunction,cpixelDisabledByDefault,100,analyticFunctionLinear,coloringFunctionABox
aboxModKaliV2,"Abox - Mod Kali-V2",analyticDEType,linearDEFunction,cpixelEnabledByDefault,100,analyticFunctionLinear,coloringFunctionIFS
aboxModKaliV3,"Abox - Mod Kali-V3",analyticDEType,linearDEFunction,cpixelDisabledByDefault,100,analyticFunctionLinear,coloringFunctionIFS
aboxVSIcen1,"Abox - VS icen1",analyticDEType,linearDEFunction,cpixelDisabledByDefault,100,analyticFunctionLinear,coloringFunctionDefault
aboxSurfBox,"Abox - Surf Box",analyticDEType,linearDEFunction,cpixelEnabledByDefault,100,analyticFunctionLinear,coloringFunctionABox
aexion,Aexion,deltaDEType,logarithmicDEFunction,cpixelAlreadyHas,10000,analyticFunctionNone,coloringFunctionDefault
aexionOctopusMod,"Aexion Octopus Mod",deltaDEType,logarithmicDEFunction,cpixelAlreadyHas,10,analyticFunctionNone,coloringFunctionDefault
amazingSurf,"Amazing Surf",analyticDEType,linearDEFunction,cpixelEnabledByDefault,100,analyticFunctionLinear,coloringFunctionAmazingSurf
amazingSurfMod1,"Amazing Surf - Mod 1",analyticDEType,linearDEFunction,cpixelEnabledByDefault,100,analyticFunctionLinear,coloringFunctionABox
amazingSurfMod2,"Amazing Surf - Mod 2",analyticDEType,linearDEFunction,cpixelEnabledByDefault,100,analyticFunctionLinear,coloringFunctionDefault
amazingSurfMod3,"Amazing Surf - Mod 3",analyticDEType,linearDEFunction,cpixelEnabledByDefault,100,analyticFunctionLinear,coloringFunctionDefault
amazingSurfMulti,"Amazing Surf - Multi",analyticDEType,linearDEFunction,cpixelEnabledByDefault,100,analyticFunctionLinear,coloringFunctionABox
benesi,"Benesi - Pwr2",analyticDEType,logarithmicDEFunction,cpixelEnabledByDefault,100,analyticFunctionLogarithmic,coloringFunctionDefault
benesiPineTree,"Benesi - Pine Tree",analyticDEType,logarithmicDEFunction,cpixelAlreadyHas,10,analyticFunctionLogarithmic,coloringFunctionDefault
benesiT1PineTree,"Benesi - T1 Pine Tree",analyticDEType,logarithmicDEFunction,cpixelAlreadyHas,10,analyticFunctionLogarithmic,coloringFunctionDefault
benesiMagTransforms,"Benesi - Mag Transforms",deltaDEType,linearDEFunction,cpixelDisabledByDefault,10,analyticFunctionNone,coloringFunctionDefault
benesiPwr2Mandelbulb,"Benesi - Pwr2 Mandelbulb",analyticDEType,logarithmicDEFunction,cpixelDisabledByDefault,10,analyticFunctionLogarithmic,coloringFunctionDefault
boxFoldBulbPow2,"Box Fold Bulb Pow 2",deltaDEType,linearDEFunction,cpixelEnabledByDefault,10000,analyticFunctionNone,coloringFunctionDefault
boxFoldBulbPow2V2,"Box Fold Bulb Pow 2 V2",analyticDEType,logarithmicDEFunction,cpixelEnabledByDefault,100,analyticFunctionLogarithmic,coloringFunctionDefault
boxFoldBulbPow2V3,"Box Fold Bulb Pow 2 V3",analyticDEType,logarithmicDEFunction,cpixelEnabledByDefault,100,analyticFunctionLogarithmic,coloringFunctionDefault
boxFoldBulbMenger,"Box Fold Bulb Menger",analyticDEType,logarithmicDEFunction,cpixelDisabledByDefault,100,analyticFunctionLogarithmic,coloringFunctionDefault
boxFoldQuat,"Box Fold Quat",analyticDEType,logarithmicDEFunction,cpixelEnabledByDefault,100,analyticFunctionLogarithmic,coloringFunctionDefault
bristorbrot,Bristorbrot,analyticDEType,logarithmicDEFunction,cpixelEnabledByDefault,10,analyticFunctionLogarithmic,coloringFunctionDefault
bristorbrot2,"Bristorbrot V2",analyticDEType,logarithmicDEFunction,cpixelEnabledByDefault,10,analyticFunctionLogarithmic,coloringFunctionDefault
buffalo,Buffalo,analyticDEType,logarithmicDEFunction,cpixelEnabledByDefault,10,analyticFunctionLogarithmic,coloringFunctionDefault
coastalbrot,Coastalbrot,analyticDEType,logarithmicDEFunction,cpixelEnabledByDefault,10,analyticFunctionLogarithmic,coloringFunctionDefault
modulusMengerSponge,"Modulus Menger Sponge",analyticDEType,linearDEFunction,cpixelDisabledByDefault,10,analyticFunctionIFS,coloringFunctionIFS
modulusMandelbulb,"Modulus Mandelbulb",analyticDEType,logarithmicDEFunction,cpixelEnabledByDefault,10,analyticFunctionLogarithmic,coloringFunctionDefault
collatz,Collatz,analyticDEType,linearDEFunction,cpixelDisabledByDefault,10,analyticFunctionIFS,coloringFunctionIFS
collatzMod,"Collatz - Mod",analyticDEType,linearDEFunction,cpixelDisabledByDefault,10,analyticFunctionIFS,coloringFunctionIFS
foldBoxMod1,"Fold Box - Mod 1",analyticDEType,linearDEFunction,cpixelEnabledByDefault,100,analyticFunctionLinear,coloringFunctionABox
generalizedFoldBox,"Generalized Fold Box",analyticDEType,linearDEFunction,cpixelEnabledByDefault,100,analyticFunctionLinear,coloringFunctionABox
hypercomplex,Hypercomplex,analyticDEType,logarithmicDEFunction,cpixelEnabledByDefault,10,analyticFunctionLogarithmic,coloringFunctionDefault
ides,Ides,deltaDEType,logarithmicDEFunction,cpixelEnabledByDefault,10,analyticFunctionNone,coloringFunctionDefault
ides2,"Ides 2",deltaDEType,logarithmicDEFunction,cpixelEnabledByDefault,10,analyticFunctionNone,coloringFunctionDefault
ifsXY,"Ifs - XY",analyticDEType,linearDEFunction,cpixelDisabledByDefault,100,analyticFunctionLinear,coloringFunctionDefault
iqBulb,"IQ Bulb",analyticDEType,logarithmicDEFunction,cpixelEnabledByDefault,10,analyticFunctionLogarithmic,coloringFunctionDefault
josKleinian,JosLeys-Kleinian,analyticDEType,josKleinianDEFunction,cpixelDisabledByDefault,10,analyticFunctionJosKleinian,coloringFunctionDefault
josKleinianV2,"JosLeys-Kleinian V2",analyticDEType,josKleinianDEFunction,cpixelDisabledByDefault,10,analyticFunctionJosKleinian,coloringFunctionDefault
kaleidoscopicIfs,"Kaleidoscopic IFS",analyticDEType,linearDEFunction,cpixelDisabledByDefault,100,analyticFunctionIFS,coloringFunctionIFS
kalisets1,"Kalisets1 Mod",analyticDEType,linearDEFunction,cpixelEnabledByDefault,10,analyticFunctionLinear,coloringFunctionDefault
lkmitch,Lkmitch,deltaDEType,logarithmicDEFunction,cpixelEnabledByDefault,10,analyticFunctionNone,coloringFunctionDefault
makin3d2,Makin3D-2,deltaDEType,logarithmicDEFunction,cpixelEnabledByDefault,10,analyticFunctionNone,coloringFunctionDefault
mandelbox,Mandelbox,analyticDEType,linearDEFunction,cpixelEnabledByDefault,100,analyticFunctionLinear,coloringFunctionABox
mandelboxMenger,"Mandelbox - Menger",analyticDEType,linearDEFunction,cpixelEnabledByDefault,100,analyticFunctionLinear,coloringFunctionABox
mandelboxSmooth,"Mandelbox - Smooth",analyticDEType,linearDEFunction,cpixelEnabledByDefault,100,analyticFunctionLinear,coloringFunctionABox
mandelboxVariable,"Mandelbox - Variable",analyticDEType,linearDEFunction,cpixelEnabledByDefault,100,analyticFunctionLinear,coloringFunctionABox
mandelbulb,Mandelbulb,analyticDEType,logarithmicDEFunction,cpixelEnabledByDefault,10,analyticFunctionLogarithmic,coloringFunctionDefault
mandelbulb2,"Mandelbulb 2",analyticDEType,logarithmicDEFunction,cpixelEnabledByDefault,10,analyticFunctionLogarithmic,coloringFunctionDefault
mandelbulb3,"Mandelbulb 3",analyticDEType,logarithmicDEFunction,cpixelEnabledByDefault,10,analyticFunctionLogarithmic,coloringFunctionDefault
mandelbulb4,"Mandelbulb 4",analyticDEType,logarithmicDEFunction,cpixelEnabledByDefault,10,analyticFunctionLogarithmic,coloringFunctionDefault
mandelbulbEye,"Mandelbulb Eye",analyticDEType,logarithmicDEFunction,cpixelEnabledByDefault,2,analyticFunctionLogarithmic,coloringFunctionDefault
mandelbulbAbsPower2,"Mandelbulb - Abs Power 2",analyticDEType,logarithmicDEFunction,cpixelEnabledByDefault,10,analyticFunctionLogarithmic,coloringFunctionDefault
mandelbulbAtan2Power2,"Mandelbulb - Atan2 Power 2",analyticDEType,logarithmicDEFunction,cpixelEnabledByDefault,10,analyticFunctionLogarithmic,coloringFunctionDefault
mandelbulbBermarte,"Mandelbulb - Bermarte",analyticDEType,logarithmicDEFunction,cpixelEnabledByDefault,10,analyticFunctionLogarithmic,coloringFunctionDefault
mandelbulbPower1234,"Mandelbulb - Power 1234",analyticDEType,logarithmicDEFunction,cpixelEnabledByDefault,10,analyticFunctionLogarithmic,coloringFunctionDefault
mandelbulbPower2,"Mandelbulb - Power 2",analyticDEType,logarithmicDEFunction,cpixelEnabledByDefault,10,analyticFunctionLogarithmic,coloringFunctionDefault
mandelbulbPow2V2,"Mandelbulb - Pow2 V2",analyticDEType,logarithmicDEFunction,cpixelEnabledByDefault,10,analyticFunctionLogarithmic,coloringFunctionDefault
mandelbulbJuliabulb,"Mandelbulb - Juliabulb",analyticDEType,logarithmicDEFunction,cpixelEnabledByDefault,10,analyticFunctionLogarithmic,coloringFunctionDefault
mandelbulbKali,"Mandelbulb - Kali",analyticDEType,logarithmicDEFunction,cpixelEnabledByDefault,10,analyticFunctionLogarithmic,coloringFunctionDefault
mandelbulbKaliMulti,"Mandelbulb - Kali Multi",analyticDEType,logarithmicDEFunction,cpixelEnabledByDefault,10,analyticFunctionLogarithmic,coloringFunctionDefault
mandelbulbMulti,"Mandelbulb - Multi",analyticDEType,logarithmicDEFunction,cpixelEnabledByDefault,10,analyticFunctionLogarithmic,coloringFunctionDefault
mandelbulbMulti2,"Mandelbulb - Multi2",analyticDEType,logarithmicDEFunction,cpixelEnabledByDefault,10,analyticFunctionLogarithmic,coloringFunctionDefault
mandelbulbQuat,"Mandelbulb - Quat",analyticDEType,logarithmicDEFunction,cpixelEnabledByDefault,10,analyticFunctionLogarithmic,coloringFunctionDefault
mandelbulbVaryPowerV1,"Mandelbulb - Vary Power V1",analyticDEType,logarithmicDEFunction,cpixelEnabledByDefault,10,analyticFunctionLogarithmic,coloringFunctionDefault
mandeltorus,Mandeltorus,analyticDEType,logarithmicDEFunction,cpixelEnabledByDefault,10,analyticFunctionLogarithmic,coloringFunctionDefault
mengerSponge,"Menger sponge",analyticDEType,linearDEFunction,cpixelDisabledByDefault,10,analyticFunctionIFS,coloringFunctionIFS
mengerCrossKIFS,"Menger - Cross KIFS",analyticDEType,linearDEFunction,cpixelDisabledByDefault,10,analyticFunctionIFS,coloringFunctionDefault
mengerCrossMod1,"Menger - Cross Mod1",analyticDEType,linearDEFunction,cpixelDisabledByDefault,10,analyticFunctionIFS,coloringFunctionDefault
mengerMod1,"Menger - Mod 1",analyticDEType,linearDEFunction,cpixelDisabledByDefault,10,analyticFunctionIFS,coloringFunctionIFS
mengerMiddleMod,"Menger - Middle Mod",analyticDEType,linearDEFunction,cpixelDisabledByDefault,10,analyticFunctionIFS,coloringFunctionIFS
mengerOcto,"Menger - Octo",analyticDEType,linearDEFunction,cpixelDisabledByDefault,10,analyticFunctionIFS,coloringFunctionDefault
mengerPrismShape,"Menger - Prism Shape",analyticDEType,linearDEFunction,cpixelDisabledByDefault,10,analyticFunctionIFS,coloringFunctionDefault
mengerPrismShape2,"Menger - Prism Shape2",analyticDEType,linearDEFunction,cpixelDisabledByDefault,10,analyticFunctionIFS,coloringFunctionDefault
mengerPolyFold,"Menger - Poly Fold",analyticDEType,linearDEFunction,cpixelDisabledByDefault,10,analyticFunctionIFS,coloringFunctionIFS
mengerPwr2Poly,"Menger - Pwr2 Polynomial",analyticDEType,linearDEFunction,cpixelDisabledByDefault,10,analyticFunctionIFS,coloringFunctionIFS
mengerSmooth,"Menger - Smooth",analyticDEType,linearDEFunction,cpixelDisabledByDefault,10,analyticFunctionIFS,coloringFunctionDefault
mengerSmoothMod1,"Menger - Smooth Mod1",analyticDEType,linearDEFunction,cpixelDisabledByDefault,10,analyticFunctionIFS,coloringFunctionDefault
msltoeDonut,"Msltoe - Donut",deltaDEType,linearDEFunction,cpixelDisabledByDefault,4,analyticFunctionNone,coloringFunctionDonut
msltoeSym2Mod,"Msltoe - Sym2 Mod",analyticDEType,logarithmicDEFunction,cpixelEnabledByDefault,10,analyticFunctionLogarithmic,coloringFunctionDefault
msltoeSym3Mod,"Msltoe - Sym3 Mod",analyticDEType,logarithmicDEFunction,cpixelEnabledByDefault,10,analyticFunctionLogarithmic,coloringFunctionDefault
eiffieMsltoe,"Msltoe - Julia Bulb Eiffie",analyticDEType,logarithmicDEFunction,cpixelEnabledByDefault,10,analyticFunctionLogarithmic,coloringFunctionDefault
msltoeSym3Mod2,"Msltoe - Julia Bulb Mod2",analyticDEType,logarithmicDEFunction,cpixelEnabledByDefault,10,analyticFunctionLogarithmic,coloringFunctionDefault
msltoeSym3Mod3,"Msltoe - Julia Bulb Mod3",analyticDEType,logarithmicDEFunction,cpixelEnabledByDefault,10,analyticFunctionLogarithmic,coloringFunctionDefault
msltoeSym4Mod,"Msltoe - Sym4 Mod",analyticDEType,logarithmicDEFunction,cpixelEnabledByDefault,10,analyticFunctionLogarithmic,coloringFunctionDefault
msltoeToroidal,"Msltoe - Toroidal Bulb",analyticDEType,logarithmicDEFunction,cpixelEnabledByDefault,10,analyticFunctionLogarithmic,coloringFunctionDefault
msltoeToroidalMulti,"Msltoe - Toroidal Multi",analyticDEType,logarithmicDEFunction,cpixelEnabledByDefault,10,analyticFunctionLogarithmic,coloringFunctionDefault
pseudoKleinianStdDE,"Pseudo Kleinian - stdDE",analyticDEType,linearDEFunction,cpixelDisabledByDefault,100,analyticFunctionLinear,coloringFunctionDefault
pseudoKleinian,"Pseudo Kleinian",analyticDEType,pseudoKleinianDEFunction,cpixelDisabledByDefault,100,analyticFunctionPseudoKleinian,coloringFunctionDefault
pseudoKleinianMod1,"Pseudo Kleinian - Mod 1",analyticDEType,pseudoKleinianDEFunction,cpixelDisabledByDefault,100,analyticFunctionPseudoKleinian,coloringFunctionDefault
pseudoKleinianMod2,"Pseudo Kleinian - Mod 2",analyticDEType,pseudoKleinianDEFunction,cpixelDisabledByDefault,100,analyticFunctionPseudoKleinian,coloringFunctionDefault
quaternion,Quaternion,analyticDEType,logarithmicDEFunction,cpixelEnabledByDefault,10,analyticFunctionLogarithmic,coloringFunctionDefault
quaternion3d,Quaternion3D,analyticDEType,logarithmicDEFunction,cpixelEnabledByDefault,10,analyticFunctionLogarithmic,coloringFunctionDefault
quickDudley,"Quick Dudley",deltaDEType,logarithmicDEFunction,cpixelEnabledByDefault,10,analyticFunctionNone,coloringFunctionDefault
quickDudleyMod,"Quick Dudley - Mod",deltaDEType,logarithmicDEFunction,cpixelEnabledByDefault,10,analyticFunctionNone,coloringFunctionDefault
riemannSphereMsltoe,"Riemann - Sphere Msltoe",deltaDEType,logarithmicDEFunction,cpixelDisabledByDefault,1.5,analyticFunctionNone,coloringFunctionDefault
riemannSphereMsltoeV1,"Riemann - Sphere Msltoe V1",deltaDEType,logarithmicDEFunction,cpixelDisabledByDefault,10,analyticFunctionNone,coloringFunctionDefault
riemannSphereMsltoeV2,"Riemann - Sphere Msltoe V2",deltaDEType,logarithmicDEFunction,cpixelDisabledByDefault,10,analyticFunctionNone,coloringFunctionDefault
riemannBulbMsltoeMod2,"Riemann - Bulb Msltoe Mod2",deltaDEType,logarithmicDEFunction,cpixelDisabledByDefault,1.5,analyticFunctionNone,coloringFunctionDefault
scatorPower2Real,"Scator Power 2 Real",deltaDEType,logarithmicDEFunction,cpixelDisabledByDefault,10,analyticFunctionNone,coloringFunctionDefault
scatorPower2Imaginary,"Scator Power 2 Imaginary",deltaDEType,logarithmicDEFunction,cpixelDisabledByDefault,10,analyticFunctionNone,coloringFunctionDefault
scatorPower2,"Scator Power 2",analyticDEType,logarithmicDEFunction,cpixelDisabledByDefault,100,analyticFunctionLogarithmic,coloringFunctionDefault
scatorPower2StdR,"Scator Power 2 StdR",analyticDEType,logarithmicDEFunction,cpixelDisabledByDefault,100,analyticFunctionLogarithmic,coloringFunctionDefault
sierpinski3d,"Sierpinski 3D",analyticDEType,linearDEFunction,cpixelDisabledByDefault,10,analyticFunctionIFS,coloringFunctionDefault
vicsek,Vicsek,analyticDEType,linearDEFunction,cpixelDisabledByDefault,10,analyticFunctionIFS,coloringFunctionIFS
xenodreambuie,Xenodreambuie,analyticDEType,logarithmicDEFunction,cpixelEnabledByDefault,10,analyticFunctionLogarithmic,coloringFunctionDefault
abox4d,"Abox 4D",analyticDEType,linearDEFunction,cpixelEnabledByDefault,100,analyticFunctionLinear,coloringFunctionABox
bristorbrot4d,"Bristorbrot 4D",analyticDEType,logarithmicDEFunction,cpixelEnabledByDefault,10,analyticFunctionLogarithmic,coloringFunctionDefault
boxFold4dBulbPow2,"Box Fold 4D Bulb Pow 2",analyticDEType,logarithmicDEFunction,cpixelEnabledByDefault,100,analyticFunctionLogarithmic,coloringFunctionDefault
mandelboxVaryScale4d,"Mandelbox Vary Scale 4D",analyticDEType,linearDEFunction,cpixelEnabledByDefault,100,analyticFunctionLinear,coloringFunctionABox
menger4d,"Menger 4D",analyticDEType,linearDEFunction,cpixelDisabledByDefault,10,analyticFunctionIFS,coloringFunctionDefault
menger4dMod1,"Menger 4D Mod1",analyticDEType,linearDEFunction,cpixelDisabledByDefault,10,analyticFunctionIFS,coloringFunctionDefault
mixPinski4d,"Mix Pinski 4D",analyticDEType,linearDEFunction,cpixelDisabledByDefault,10,analyticFunctionIFS,coloringFunctionDefault
sierpinski4d,"Sierpinski 4D",analyticDEType,linearDEFunction,cpixelDisabledByDefault,10,analyticFunctionIFS,coloringFunctionDefault
quaternion4d,"Quaternion 4D",deltaDEType,logarithmicDEFunction,cpixelEnabledByDefault,10,analyticFunctionNone,coloringFunctionDefault
quaternionCubic4d,"Quaternion Cubic 4D",deltaDEType,logarithmicDEFunction,cpixelEnabledByDefault,10,analyticFunctionLogarithmic,coloringFunctionDefault
transfAbsAddConstant,"T>Abs Add Constant",analyticDEType,withoutDEFunction,cpixelDisabledByDefault,100,analyticFunctionNone,coloringFunctionDefault
transfAbsAddTgladFold,"T>Abs Add Tglad Fold",analyticDEType,withoutDEFunction,cpixelDisabledByDefault,100,analyticFunctionNone,coloringFunctionDefault
transfAbsAddConditional,"T>Abs Add Conditional",analyticDEType,linearDEFunction,cpixelDisabledByDefault,100,analyticFunctionLinear,coloringFunctionDefault
transfAbsAddConditional2,"T>Abs Add Conditional2",analyticDEType,linearDEFunction,cpixelDisabledByDefault,100,analyticFunctionLinear,coloringFunctionDefault
transfAbsAddMulti,"T>Abs Add Multi",analyticDEType,withoutDEFunction,cpixelDisabledByDefault,100,analyticFunctionNone,coloringFunctionDefault
transfNegAbsAddConstant,"T>Abs Add Neg",analyticDEType,withoutDEFunction,cpixelDisabledByDefault,100,analyticFunctionNone,coloringFunctionDefault
transfAddConstant,"T>Add Constant",analyticDEType,withoutDEFunction,cpixelDisabledByDefault,100,analyticFunctionNone,coloringFunctionDefault
transfAddConstantVaryV1,"T>Add Constant VaryV1",analyticDEType,withoutDEFunction,cpixelDisabledByDefault,100,analyticFunctionNone,coloringFunctionDefault
transfAddExp2Z,"T>Add exp2(z)",analyticDEType,withoutDEFunction,cpixelDisabledByDefault,100,analyticFunctionNone,coloringFunctionDefault
transfAddConstantMod1,"T>Add Constant Mod1",analyticDEType,linearDEFunction,cpixelDisabledByDefault,100,analyticFunctionLinear,coloringFunctionDefault
transfAddCpixel,"T>Add Cpixel",analyticDEType,withoutDEFunction,cpixelAlreadyHas,100,analyticFunctionNone,coloringFunctionDefault
transfAddCpixelAxisSwap,"T>Add Cpixel - Axis Swap",analyticDEType,withoutDEFunction,cpixelAlreadyHas,100,analyticFunctionNone,coloringFunctionDefault
transfAddCpixelRotated,"T>Add Cpixel - Rotated",analyticDEType,withoutDEFunction,cpixelAlreadyHas,100,analyticFunctionNone,coloringFunctionDefault
transfAddCpixelCxCyAxisSwap,"T>Add Cpixel - CxCy Axis Swap",analyticDEType,withoutDEFunction,cpixelAlreadyHas,100,analyticFunctionNone,coloringFunctionDefault
transfAddCpixelScator,"T>Add Cpixel - Scator",analyticDEType,withoutDEFunction,cpixelAlreadyHas,100,analyticFunctionNone,coloringFunctionDefault
transfAddCpixelSinOrCos,"T>Add Cpixel - Sin Or Cos",analyticDEType,withoutDEFunction,cpixelAlreadyHas,100,analyticFunctionNone,coloringFunctionDefault
transfAddCpixelSymmetrical,"T>Add Cpixel - Symmetrical",analyticDEType,withoutDEFunction,cpixelAlreadyHas,100,analyticFunctionNone,coloringFunctionDefault
transfAddCpixelVaryV1,"T>Add Cpixel - VaryV1",analyticDEType,withoutDEFunction,cpixelAlreadyHas,100,analyticFunctionNone,coloringFunctionDefault
transfBenesiT1,"T>Benesi T1",analyticDEType,linearDEFunction,cpixelDisabledByDefault,100,analyticFunctionLinear,coloringFunctionDefault
transfBenesiT1Mod,"T>Benesi T1 Mod",analyticDEType,linearDEFunction,cpixelDisabledByDefault,100,analyticFunctionLinear,coloringFunctionDefault
transfBenesiT2,"T>Benesi T2",deltaDEType,linearDEFunction,cpixelDisabledByDefault,100,analyticFunctionLinear,coloringFunctionDefault
transfBenesiT3,"T>Benesi T3",deltaDEType,withoutDEFunction,cpixelDisabledByDefault,100,analyticFunctionNone,coloringFunctionDefault
transfBenesiT4,"T>Benesi T4",deltaDEType,withoutDEFunction,cpixelDisabledByDefault,100,analyticFunctionNone,coloringFunctionDefault
transfBenesiT5b,"T>Benesi T5b",deltaDEType,withoutDEFunction,cpixelDisabledByDefault,100,analyticFunctionNone,coloringFunctionDefault
transfBenesiMagForward,"T>Benesi Mag Forward",analyticDEType,withoutDEFunction,cpixelDisabledByDefault,100,analyticFunctionNone,coloringFunctionDefault
transfBenesiMagBackward,"T>Benesi Mag Backward",analyticDEType,withoutDEFunction,cpixelDisabledByDefault,100,analyticFunctionNone,coloringFunctionDefault
transfBenesiCubeSphere,"T>Benesi Cube>Sphere",deltaDEType,withoutDEFunction,cpixelDisabledByDefault,100,analyticFunctionNone,coloringFunctionDefault
transfBenesiSphereCube,"T>Benesi Sphere>Cube",deltaDEType,withoutDEFunction,cpixelDisabledByDefault,100,analyticFunctionNone,coloringFunctionDefault
transfBoxFold,"T>Box Fold",analyticDEType,withoutDEFunction,cpixelDisabledByDefault,100,analyticFunctionNone,coloringFunctionDefault
transfBoxFoldVaryV1,"T>Box Fold VaryV1",analyticDEType,withoutDEFunction,cpixelDisabledByDefault,100,analyticFunctionNone,coloringFunctionDefault
transfBoxFoldXYZ,"T>Box Fold XYZ",analyticDEType,withoutDEFunction,cpixelDisabledByDefault,100,analyticFunctionNone,coloringFunctionDefault
transfBoxOffset,"T>Box Offset",analyticDEType,withoutDEFunction,cpixelDisabledByDefault,100,analyticFunctionNone,coloringFunctionDefault
transfDiagonalFold,"T>Diagonal Fold",analyticDEType,withoutDEFunction,cpixelDisabledByDefault,100,analyticFunctionNone,coloringFunctionDefault
transfFoldingTetra3d,"T>Folding Tetra 3D",analyticDEType,withoutDEFunction,cpixelDisabledByDefault,100,analyticFunctionNone,coloringFunctionDefault
transfGnarl,T>Gnarl,analyticDEType,withoutDEFunction,cpixelDisabledByDefault,100,analyticFunctionNone,coloringFunctionDefault
transfIterationWeight,"T>Iteration Weight",analyticDEType,linearDEFunction,cpixelDisabledByDefault,100,analyticFunctionLinear,coloringFunctionDefault
transfInvCylindrical,"T>Inverse Cylindrical",analyticDEType,linearDEFunction,cpixelDisabledByDefault,100,analyticFunctionLinear,coloringFunctionDefault
transfLinCombineCXYZ,"T>Linear Combine CXYZ",analyticDEType,withoutDEFunction,cpixelAlreadyHas,100,analyticFunctionNone,coloringFunctionDefault
transfMengerFold,"T>Menger Fold",analyticDEType,linearDEFunction,cpixelDisabledByDefault,100,analyticFunctionLinear,coloringFunctionDefault
transfMultipleAngle,"T>Multiple angle",analyticDEType,withoutDEFunction,cpixelDisabledByDefault,100,analyticFunctionNone,coloringFunctionDefault
transfOctoFold,"T>Octo Fold",analyticDEType,linearDEFunction,cpixelDisabledByDefault,100,analyticFunctionLinear,coloringFunctionDefault
transfParabFold,"T>Parab Fold",analyticDEType,linearDEFunction,cpixelDisabledByDefault,100,analyticFunctionLinear,coloringFunctionDefault
transfPlatonicSolid,"T>Platonic Solid",deltaDEType,withoutDEFunction,cpixelDisabledByDefault,100,analyticFunctionNone,coloringFunctionDefault
transfPolyFoldAtan,"T>Poly Fold Atan",analyticDEType,withoutDEFunction,cpixelDisabledByDefault,100,analyticFunctionNone,coloringFunctionDefault
transfPolyFoldAtan2,"T>Poly Fold Atan2",analyticDEType,withoutDEFunction,cpixelDisabledByDefault,100,analyticFunctionNone,coloringFunctionDefault
transfPolyFoldSymXY,"T>Poly Fold Sym XY",analyticDEType,withoutDEFunction,cpixelDisabledByDefault,100,analyticFunctionNone,coloringFunctionDefault
transfPolyFoldSymMulti,"T>Poly Fold Sym Multi",analyticDEType,withoutDEFunction,cpixelDisabledByDefault,100,analyticFunctionNone,coloringFunctionDefault
transfPwr2Polynomial,"T>Power2 Polynomial",analyticDEType,linearDEFunction,cpixelDisabledByDefault,10,analyticFunctionLinear,coloringFunctionDefault
transfQuaternionFold,"T>Quaternion Fold",analyticDEType,logarithmicDEFunction,cpixelDisabledByDefault,100,analyticFunctionLogarithmic,coloringFunctionDefault
transfReciprocal3,T>Reciprocal3,analyticDEType,withoutDEFunction,cpixelDisabledByDefault,100,analyticFunctionNone,coloringFunctionDefault
transfRotateAboutVec3,"T>Rotate About Vec3",analyticDEType,withoutDEFunction,cpixelDisabledByDefault,100,analyticFunctionNone,coloringFunctionDefault
transfRotation,T>Rotation,analyticDEType,withoutDEFunction,cpixelDisabledByDefault,100,analyticFunctionNone,coloringFunctionDefault
transfRotationIterControls,"T>Rotation Iter Controls",analyticDEType,withoutDEFunction,cpixelDisabledByDefault,100,analyticFunctionNone,coloringFunctionDefault
transfRotationVaryV1,"T>Rotation VaryV1",analyticDEType,withoutDEFunction,cpixelDisabledByDefault,100,analyticFunctionNone,coloringFunctionDefault
transfRotationFoldingPlane,"T>Rotation Folding Plane",analyticDEType,withoutDEFunction,cpixelDisabledByDefault,100,analyticFunctionNone,coloringFunctionDefault
transfRotationFolding,"T>Rotation Folding",analyticDEType,withoutDEFunction,cpixelDisabledByDefault,100,analyticFunctionNone,coloringFunctionDefault
transfRPower,T>R^Power,analyticDEType,logarithmicDEFunction,cpixelDisabledByDefault,100,analyticFunctionLogarithmic,coloringFunctionDefault
transfRpow3,T>Rpow3,analyticDEType,logarithmicDEFunction,cpixelDisabledByDefault,100,analyticFunctionLogarithmic,coloringFunctionDefault
transfScale,T>Scale,analyticDEType,linearDEFunction,cpixelDisabledByDefault,100,analyticFunctionLinear,coloringFunctionDefault
transfScaleVaryV212,"T>Scale Vary V2.12",analyticDEType,linearDEFunction,cpixelDisabledByDefault,100,analyticFunctionLinear,coloringFunctionDefault
transfScaleVaryMulti,"T>Scale Vary Multi",analyticDEType,linearDEFunction,cpixelDisabledByDefault,100,analyticFunctionLinear,coloringFunctionDefault
transfScaleVaryV1,"T>Scale VaryV1",analyticDEType,linearDEFunction,cpixelDisabledByDefault,100,analyticFunctionLinear,coloringFunctionDefault
transfScaleVaryVCL,"T>Scale VaryVCL",analyticDEType,linearDEFunction,cpixelDisabledByDefault,100,analyticFunctionLinear,coloringFunctionDefault
transfScale3d,"T>Scale 3D",analyticDEType,linearDEFunction,cpixelDisabledByDefault,100,analyticFunctionLinear,coloringFunctionDefault
transfSinOrCos,"T>Sin Or Cos",analyticDEType,linearDEFunction,cpixelDisabledByDefault,100,analyticFunctionLinear,coloringFunctionDefault
transfSinAndCos,"T>Sin And Cos",analyticDEType,linearDEFunction,cpixelDisabledByDefault,100,analyticFunctionLinear,coloringFunctionDefault
transfSinAndCosMax,"T>Sin And Cos - Max",analyticDEType,linearDEFunction,cpixelDisabledByDefault,100,analyticFunctionLinear,coloringFunctionDefault
transfSphericalInv,"T>Spherical Invert",analyticDEType,linearDEFunction,cpixelDisabledByDefault,100,analyticFunctionLinear,coloringFunctionDefault
transfSphericalInvV2,"T>Spherical Invert V2",analyticDEType,linearDEFunction,cpixelDisabledByDefault,100,analyticFunctionLinear,coloringFunctionDefault
transfSphericalInvC,"T>Spherical Invert C",analyticDEType,withoutDEFunction,cpixelAlreadyHas,100,analyticFunctionNone,coloringFunctionDefault
transfSphericalFold,"T>Spherical Fold",analyticDEType,linearDEFunction,cpixelDisabledByDefault,100,analyticFunctionLinear,coloringFunctionDefault
transfSphericalFoldAbox,"T>Spherical Fold ABox",analyticDEType,linearDEFunction,cpixelDisabledByDefault,100,analyticFunctionLinear,coloringFunctionDefault
transfSphericalFoldCHS,"T>Spherical Fold CHS",analyticDEType,linearDEFunction,cpixelDisabledByDefault,100,analyticFunctionLinear,coloringFunctionDefault
transfSphericalFoldCuboid,"T>Spherical Fold Cuboid",analyticDEType,linearDEFunction,cpixelDisabledByDefault,100,analyticFunctionLinear,coloringFunctionDefault
transfSphericalFoldParab,"T>Spherical Fold Parab",analyticDEType,linearDEFunction,cpixelDisabledByDefault,100,analyticFunctionLinear,coloringFunctionDefault
transfSphericalFoldVaryV1,"T>Spherical Fold VaryV1",analyticDEType,linearDEFunction,cpixelDisabledByDefault,100,analyticFunctionLinear,coloringFunctionDefault
transfSphericalFoldVaryVCL,"T>Spherical Fold VaryVCL",analyticDEType,linearDEFunction,cpixelDisabledByDefault,100,analyticFunctionLinear,coloringFunctionDefault
transfSphericalFoldXYZBias,"T>Spherical Fold XYZ Bias",analyticDEType,linearDEFunction,cpixelDisabledByDefault,100,analyticFunctionLinear,coloringFunctionDefault
transfSphericalPwrFold,"T>Spherical Pwr Fold",analyticDEType,linearDEFunction,cpixelDisabledByDefault,100,analyticFunctionNone,coloringFunctionDefault
transfSphericalOffset,"T>Spherical Offset",analyticDEType,linearDEFunction,cpixelDisabledByDefault,100,analyticFunctionLinear,coloringFunctionDefault
transfSphericalOffsetVCL,"T>Spherical OffsetVCL",analyticDEType,linearDEFunction,cpixelDisabledByDefault,100,analyticFunctionLinear,coloringFunctionDefault
transfSurfBoxFold,"T>Surf Box_Fold",analyticDEType,linearDEFunction,cpixelDisabledByDefault,100,analyticFunctionLinear,coloringFunctionDefault
transfSurfBoxFoldV2,"T>Surf Box_Fold V2",analyticDEType,linearDEFunction,cpixelDisabledByDefault,100,analyticFunctionLinear,coloringFunctionDefault
transfSurfFoldMulti,"T>Surf Fold Multi",analyticDEType,linearDEFunction,cpixelDisabledByDefault,100,analyticFunctionLinear,coloringFunctionDefault
transfZvectorAxisSwap,"T>Zvector Axis Swap",analyticDEType,withoutDEFunction,cpixelDisabledByDefault,100,analyticFunctionNone,coloringFunctionDefault
transfAddConstant4d,"T>Add Constant 4D",analyticDEType,withoutDEFunction,cpixelDisabledByDefault,100,analyticFunctionNone,coloringFunctionDefault
transfAbsAddConditional4d,"T>Abs Add Conditional 4D",analyticDEType,withoutDEFunction,cpixelDisabledByDefault,100,analyticFunctionNone,coloringFunctionDefault
transfAbsAddMulti4d,"T>Abs Add Multi 4D",analyticDEType,withoutDEFunction,cpixelDisabledByDefault,100,analyticFunctionNone,coloringFunctionDefault
transfAbsAddConstant4d,"T>Abs Add Constant 4D",analyticDEType,withoutDEFunction,cpixelDisabledByDefault,100,analyticFunctionNone,coloringFunctionDefault
transfAbsAddTgladFold4d,"T>Abs Add Tglad Fold 4D",analyticDEType,withoutDEFunction,cpixelDisabledByDefault,100,analyticFunctionNone,coloringFunctionDefault
transfBoxFold4d,"T>Box Fold 4D",analyticDEType,withoutDEFunction,cpixelDisabledByDefault,100,analyticFunctionNone,coloringFunctionDefault
transfBoxFold4dTglad,"T>Box Fold 4D Tglad",analyticDEType,withoutDEFunction,cpixelDisabledByDefault,100,analyticFunctionNone,coloringFunctionDefault
transfBoxTiling4d,"T>Box Tiling 4D",analyticDEType,withoutDEFunction,cpixelDisabledByDefault,100,analyticFunctionNone,coloringFunctionDefault
transfBoxWrap4d,"T>Box Wrap 4D",analyticDEType,withoutDEFunction,cpixelDisabledByDefault,100,analyticFunctionNone,coloringFunctionDefault
transfClamp4d,"T>Clamp 4D",analyticDEType,withoutDEFunction,cpixelDisabledByDefault,100,analyticFunctionNone,coloringFunctionDefault
transfIterationWeight4d,"T>Iteration Weight 4D",analyticDEType,withoutDEFunction,cpixelDisabledByDefault,100,analyticFunctionLinear,coloringFunctionDefault
transfOffsetSCurve4d,"T>Offset S-Curve 4D",analyticDEType,withoutDEFunction,cpixelDisabledByDefault,100,analyticFunctionLinear,coloringFunctionDefault
transfReciprocal4d,"T>Reciprocal 4D",analyticDEType,withoutDEFunction,cpixelDisabledByDefault,100,analyticFunctionNone,coloringFunctionDefault
transfRotation4d,"T>Rotation 4D",analyticDEType,withoutDEFunction,cpixelDisabledByDefault,100,analyticFunctionNone,coloringFunctionDefault
transfScale4d,"T>Scale 4D",analyticDEType,withoutDEFunction,cpixelDisabledByDefault,100,analyticFunctionLinear,coloringFunctionDefault
transfSphericalFold4d,"T>Spherical Fold 4D",analyticDEType,linearDEFunction,cpixelDisabledByDefault,100,analyticFunctionLinear,coloringFunctionDefault
transfSurfBoxFoldV24d,"T>Surf Box_Fold V2 4D",analyticDEType,linearDEFunction,cpixelDisabledByDefault,100,analyticFunctionLinear,coloringFunctionDefault
transfHybridColor,"T>Hybrid Color",analyticDEType,withoutDEFunction,cpixelDisabledByDefault,100,analyticFunctionNone,coloringFunctionDefault
transfHybridColor2,"T>Hybrid Color2",analyticDEType,withoutDEFunction,cpixelDisabledByDefault,100,analyticFunctionNone,coloringFunctionDefault
testing,Testing,analyticDEType,withoutDEFunction,cpixelDisabledByDefault,100,analyticFunctionNone,coloringFunctionDefault
testingLog,"Testing Log",analyticDEType,logarithmicDEFunction,cpixelEnabledByDefault,2,analyticFunctionLogarithmic,coloringFunctionDefault
testing4d,Testing4d,analyticDEType,logarithmicDEFunction,cpixelEnabledByDefault,100,analyticFunctionLogarithmic,coloringFunctionDefault
transfBlockify,T>Blockify,analyticDEType,linearDEFunction,cpixelDisabledByDefault,100,analyticFunctionLinear,coloringFunctionDefault
